p_grain,profit
0.001,39539560.038125455
0.005,39216153.21019152
0.01,38883493.71211905
0.02,39245763.395457
