q_fungi,profit
0.001,39252377.09252766
0.0075,39287155.60473326
0.015,39565431.04893914
0.03,39460923.6971668
