p_fungi,profit
0.002,39224552.140226685
0.0125,39127161.66988931
0.025,39589613.50609441
0.05,39747050.01765177
