q_fungi,profit
0.001,40981835.22326555
0.0075,41250171.73110354
0.015,40963667.71409916
0.03,40658601.3275483
