q_grain,profit
0.0005,39405580.58030996
0.0025,39488169.86633785
0.005,39346893.49501406
0.01,39376418.128967956
