p_veg,profit
0.0015,39313863.35184368
0.0125,39480651.57275249
0.025,39096092.38402221
0.05,39243307.74174952
