q_veg,profit
0.0005,39493247.61343372
0.0025,39598376.63485359
0.005,39400707.297774315
0.01,39260432.7845656
