p_veg,profit
0.001,43056370.712075874
0.002,39829787.31207677
0.004,37918713.95379832
0.008,35751584.01956695
